MMSI,Name,Zeit (UTC),Breite,Länge,SOG kn
257123456,Nordlys,2026-09-22T20:30:00Z,54.3200,10.1400,9.1
257123456,Nordlys,2026-09-22T20:45:00Z,54.3122,10.2478,13.1
257123456,Nordlys,2026-09-22T21:00:00Z,54.3044,10.3556,12.4
257123456,Nordlys,2026-09-22T21:15:00Z,54.2967,10.4633,13.0
257123456,Nordlys,2026-09-22T21:30:00Z,54.2889,10.5711,13.5
257123456,Nordlys,2026-09-22T21:45:00Z,54.2811,10.6789,9.5
257123456,Nordlys,2026-09-22T22:00:00Z,54.2733,10.7867,9.5
257123456,Nordlys,2026-09-22T22:15:00Z,54.2656,10.8944,9.7
257123456,Nordlys,2026-09-22T22:30:00Z,54.2578,11.0022,10.0
257123456,Nordlys,2026-09-22T22:45:00Z,54.2500,11.1100,11.6
257123456,Nordlys,2026-09-22T23:00:00Z,54.2422,11.2178,13.1
257123456,Nordlys,2026-09-22T23:15:00Z,54.2344,11.3256,10.3
257123456,Nordlys,2026-09-22T23:30:00Z,54.2267,11.4333,11.0
257123456,Nordlys,2026-09-22T23:45:00Z,54.2189,11.5411,10.9
257123456,Nordlys,2026-09-23T00:00:00Z,54.2111,11.6489,11.0
257123456,Nordlys,2026-09-23T00:15:00Z,54.2033,11.7567,11.8
257123456,Nordlys,2026-09-23T00:30:00Z,54.1956,11.8644,14.0
257123456,Nordlys,2026-09-23T00:45:00Z,54.1878,11.9722,10.1
257123456,Nordlys,2026-09-23T01:00:00Z,54.1800,12.0800,12.4
219876543,Baltic Star,2026-09-23T23:30:00Z,54.5800,11.3000,12.5
219876543,Baltic Star,2026-09-23T23:45:00Z,54.5450,11.3571,9.0
219876543,Baltic Star,2026-09-24T00:00:00Z,54.5100,11.4143,11.5
219876543,Baltic Star,2026-09-24T00:15:00Z,54.4750,11.4714,10.9
219876543,Baltic Star,2026-09-24T00:30:00Z,54.4400,11.5286,12.1
219876543,Baltic Star,2026-09-24T00:45:00Z,54.4050,11.5857,12.3
219876543,Baltic Star,2026-09-24T01:00:00Z,54.3700,11.6429,12.1
219876543,Baltic Star,2026-09-24T01:15:00Z,54.3350,11.7000,11.4
219876543,Baltic Star,2026-09-24T01:30:00Z,54.3000,11.7571,11.4
219876543,Baltic Star,2026-09-24T01:45:00Z,54.2650,11.8143,9.0
219876543,Baltic Star,2026-09-24T02:00:00Z,54.2300,11.8714,11.8
219876543,Baltic Star,2026-09-24T02:15:00Z,54.1950,11.9286,9.1
219876543,Baltic Star,2026-09-24T02:30:00Z,54.1600,11.9857,11.6
219876543,Baltic Star,2026-09-24T02:45:00Z,54.1250,12.0429,10.4
219876543,Baltic Star,2026-09-24T03:00:00Z,54.0900,12.1000,13.9
265998877,Skandia,2026-09-24T19:00:00Z,54.5000,11.2300,13.2
265998877,Skandia,2026-09-24T19:15:00Z,54.4910,11.1755,12.3
265998877,Skandia,2026-09-24T19:30:00Z,54.4820,11.1210,13.3
265998877,Skandia,2026-09-24T19:45:00Z,54.4730,11.0665,12.8
265998877,Skandia,2026-09-24T20:00:00Z,54.4640,11.0120,9.5
265998877,Skandia,2026-09-24T20:15:00Z,54.4550,10.9575,10.9
265998877,Skandia,2026-09-24T20:30:00Z,54.4460,10.9030,11.8
265998877,Skandia,2026-09-24T20:45:00Z,54.4370,10.8485,9.3
265998877,Skandia,2026-09-24T21:00:00Z,54.4280,10.7940,9.0
265998877,Skandia,2026-09-24T21:15:00Z,54.4190,10.7395,9.9
265998877,Skandia,2026-09-24T21:30:00Z,54.4100,10.6850,11.5
265998877,Skandia,2026-09-24T21:45:00Z,54.4010,10.6305,11.2
265998877,Skandia,2026-09-24T22:00:00Z,54.3920,10.5760,12.9
265998877,Skandia,2026-09-24T22:15:00Z,54.3830,10.5215,11.8
265998877,Skandia,2026-09-24T22:30:00Z,54.3740,10.4670,13.3
265998877,Skandia,2026-09-24T22:45:00Z,54.3650,10.4125,9.5
265998877,Skandia,2026-09-24T23:00:00Z,54.3560,10.3580,11.6
265998877,Skandia,2026-09-24T23:15:00Z,54.3470,10.3035,9.2
265998877,Skandia,2026-09-24T23:30:00Z,54.3380,10.2490,10.1
265998877,Skandia,2026-09-24T23:45:00Z,54.3290,10.1945,13.3
265998877,Skandia,2026-09-25T00:00:00Z,54.3200,10.1400,13.4
